allele;eplet1;eplet2;eplet3;eplet4;eplet5;eplet6;eplet7;eplet8;eplet9;eplet10;eplet11;eplet12;eplet13;eplet14;eplet15;eplet16;eplet17;eplet18;eplet19;eplet20;eplet21;eplet22;eplet23;eplet24;eplet25;eplet26;eplet27;eplet28;eplet29;eplet30;eplet31;eplet32;eplet33
C*01:02;1C;9F;24S;65QKR;66K;69RT;73TVS;76VRN;76VS;77S;77SRN;80N;95L;97W;103L;113YD;116Y;152E;152RE;156R;156RA;163T;184H;193PV;194V;219W;248M;;;;;;
C*01:03;1C;9F;24S;65QKR;66K;69RT;73TVS;76VRN;76VS;77S;77SRN;80N;95L;97W;103L;113YN;116F;152E;152RE;156R;156RA;163T;184H;193PV;194V;219W;248M;;;;;;
C*01:04;1C;9F;24S;65QKR;66K;69RT;73TVS;76VRN;76VS;77S;77SRN;80N;95L;97W;103L;113YD;116S;152E;152RE;156WA;163T;184H;193PV;194V;;;;;;;;;
C*01:05;1C;9F;24S;65QKR;66K;69RT;73TVS;76VRN;76VS;77S;77SRN;80N;95L;97R;99S;103L;113YD;116Y;152E;152RE;156R;156RA;163T;184H;193PV;194V;219W;248M;;;;;
C*01:06;1C;9F;24S;65QKR;66K;69RT;73TVS;76VRN;76VS;77S;77SRN;80N;95L;97W;103L;113YD;116Y;151ARV;152V;156R;156RA;163T;184H;193PV;194V;219W;248M;;;;;;
C*01:07;1C;9F;24S;65QKR;66K;69RT;73TVS;76VRN;76VS;77S;77SRN;80N;95L;97W;103L;113YD;116Y;152E;152RE;156R;156RA;163T;184H;193PV;194V;219W;248M;;;;;;
C*01:08;1C;9F;24S;65QKR;66K;69RT;73TVS;76VRN;76VS;77S;77SRN;80N;95L;97W;103L;113YD;116Y;152E;156R;156RA;163T;184H;193PV;194V;219W;248M;;;;;;;
C*01:09;1C;9F;24S;65QKR;66K;69RT;73TVS;76VRN;76VS;77S;77SRN;80N;95L;97W;103L;113YD;116Y;152E;152RE;156WA;163T;184H;193PV;194V;219W;248M;;;;;;;
C*01:10;1C;9F;24S;65QKR;66K;69RT;73TVS;76VRN;76VS;77S;77SRN;80N;95L;97W;103L;113YD;116Y;152E;152RE;156R;156RA;163E;163EW;184H;193PV;194V;219W;248M;;;;;
C*01:12;1C;9F;24S;65QKR;66K;69RT;73TVS;76VRN;76VS;77S;77SRN;80N;95L;97W;99Y;103L;113YD;116Y;152E;152RE;156R;156RA;163T;193PV;194V;219W;248M;;;;;;
C*01:13;1C;9F;24S;65QKR;66K;69RT;73TVS;76VRN;76VS;77S;77SRN;80N;95L;97W;103L;113YD;116Y;138K;152E;152RE;156R;156RA;163T;184H;193PV;194V;219W;248M;;;;;
C*01:14;1C;9F;24S;65QKR;66K;69RT;77N;80K;95L;97W;103L;113YD;116Y;152E;152RE;156R;156RA;163T;184H;193PV;194V;219W;248M;;;;;;;;;;
C*01:17;1C;9F;24S;65QKR;66K;69RA;73AS;76VRN;76VS;77S;77SRN;80N;95L;97W;103L;113YD;116Y;152E;152RE;156R;156RA;163T;184H;193PV;194V;219W;248M;;;;;;
C*01:21;1C;9F;24S;65QKR;66K;69RA;73AS;76VRN;76VS;77S;77SRN;80N;95L;97R;99Y;103L;113YD;116S;152E;152RE;156WA;163T;184H;193PV;194V;;;;;;;;
C*01:24;1C;9F;24S;65QKR;66K;69RT;73TVS;76VRN;76VS;77S;77SRN;80N;95L;97W;103L;113YN;116F;152E;152RE;156R;156RA;163T;184H;193PV;194V;219W;248M;;;;;;
C*01:27;1C;9F;24S;65QKR;66K;69RT;73TVS;76VRN;76VS;77S;77SRN;80N;95L;97W;103L;113YD;116Y;152E;152RE;156R;156RA;163T;184H;193PV;194V;219W;248M;;;;;;
C*02:02;1C;9Y;11AV;16S;21H;65QKR;66K;69RT;77N;80K;95L;97R;99Y;103L;113YD;116S;152E;152RE;156WA;163E;163EW;184H;193PV;194V;211T;;;;;;;;
C*02:03;1C;9Y;11AV;16S;21H;65QKR;66K;69RT;77N;80K;95L;97R;99Y;103L;113YD;116S;151ARV;152V;156L;163E;163EW;184H;193PV;194V;211T;;;;;;;;
C*02:04;1C;9Y;11AV;16S;21H;65QKR;66K;69RT;77N;80K;95L;97R;99Y;103L;113YD;116S;152E;152RE;156WA;163E;163EW;184H;193PV;194V;211T;;;;;;;;
C*02:05;1C;9Y;11AV;16S;21H;65QKR;66K;69RT;77N;80K;95L;97W;99Y;103L;113YD;116S;152E;152RE;156WA;163E;163EW;184H;193PV;194V;211T;;;;;;;;
C*02:06;1C;9Y;11AV;16S;21H;65QKR;66K;69RT;77N;80K;95L;97R;99Y;103L;113H;113HD;116L;152E;152RE;156WA;163E;163EW;184H;193PV;194V;211T;;;;;;;
C*02:07;1C;9Y;11AV;16S;21H;65QKR;66K;69RT;77N;80K;95L;97R;99Y;103L;114H;116D;152E;152RE;156WA;163E;163EW;184H;193PV;194V;211T;;;;;;;;
C*02:08;1C;9Y;11AV;16S;65QKR;66K;69RT;77N;80K;95L;97R;99Y;103L;113YD;116S;152E;152RE;156WA;163E;163EW;184H;193PV;194V;211T;;;;;;;;;
C*02:10;1C;9Y;11AV;16S;21H;65QKR;66K;69RT;77N;80K;95L;97R;99Y;103L;113YD;116S;152E;152RE;156WA;163E;163EW;184H;193PV;194V;;;;;;;;;
C*02:11;1C;9Y;11AV;16S;21H;65QKR;66K;69RT;77N;80K;95L;97R;99Y;103L;113YD;116S;152E;152RE;156WA;163E;163EW;184H;193PV;194V;211T;;;;;;;;
C*02:12;1C;9Y;11AV;16S;21H;65QKR;66K;69RA;73AS;76VS;77S;80K;95L;97R;99Y;103L;113YD;116S;152E;152RE;156WA;163E;163EW;184H;193PV;194V;;;;;;;
C*02:14;1C;9D;11AV;16S;21H;65QKR;66K;69RT;77N;80K;95L;97R;99Y;103L;113YD;116S;152E;152RE;156WA;163E;163EW;184H;193PV;194V;;;;;;;;;
C*02:16;1C;9Y;11AV;16S;21H;65QKR;66K;69RT;77N;80K;95L;97R;99Y;103L;113YD;116S;152E;152RE;156L;163E;163EW;184H;193PV;194V;211T;;;;;;;;
C*02:17;1C;9Y;11AV;16S;21H;65QKR;66K;69RT;77N;80K;95L;97W;99F;103L;113YD;116S;152E;152RE;156WA;163E;163EW;184H;193PV;194V;;;;;;;;;
C*02:20;1C;9Y;11AV;16S;21H;65QKR;66K;69RT;77N;80K;95L;97R;99Y;103L;113YD;116S;152E;152RE;156WA;163E;163EW;184H;193PV;194V;211T;;;;;;;;
C*02:21;1C;9Y;11AV;16S;21H;65QKR;66K;69RT;77N;80K;95L;97R;99Y;103L;113YD;116S;152E;152RE;156WA;163E;163EW;184H;193PV;194V;211T;;;;;;;;
C*02:23;1C;9Y;11AV;16S;21H;65QKR;66K;69RT;77N;80K;95L;97R;99Y;103L;113H;113HD;116Y;152E;152RE;156WA;163E;163EW;177DK;180E;184H;193PV;194V;211T;;;;;
C*02:26;1C;9Y;11AV;21H;65QKR;66K;69RT;77N;80K;95L;97R;99Y;103L;113YD;116S;152E;152RE;156WA;163E;163EW;184H;193PV;194V;211T;;;;;;;;;
C*02:27;1C;9Y;11AV;16S;21H;65QKR;66K;69RT;73TVS;76VRN;76VS;77S;77SRN;80N;95L;97R;99Y;103L;113YD;116S;152E;152RE;156WA;163E;163EW;184H;193PV;194V;211T;;;;
C*03:18;1C;9Y;11AV;65QKR;66K;69RT;73TVS;76VRN;76VS;77S;77SRN;80N;91R;94I;95I;97R;99Y;113YD;116Y;152E;152RE;156L;163L;163LE;163LW;173K;184H;193PV;194V;219W;;;
C*05:01;1C;9Y;11AV;35Q;65QKR;66K;69RT;77N;80K;95L;97R;99Y;103L;113YN;116F;138K;152E;152RE;156R;156RA;163T;177KT;184H;193PV;194V;275G;;;;;;;
C*05:03;1C;9Y;11AV;35Q;65QKR;66K;69RT;77N;80K;95L;97R;99Y;103L;113YN;116F;138K;152E;152RE;156R;156RA;163T;177KT;193PI;199V;275G;;;;;;;;
C*05:04;1C;9Y;11AV;35Q;65QKR;66K;69RT;77N;80K;95L;97R;99Y;103L;113YD;116S;138K;152E;152RE;156R;156RA;163T;177KT;184H;193PV;194V;275G;;;;;;;
C*05:05;1C;9Y;11AV;35Q;65QKR;66K;69RT;77N;80K;95L;97R;99Y;113YN;116F;138K;152E;152RE;156R;156RA;163T;177KT;184H;193PV;194V;275G;;;;;;;;
C*05:08;1C;9Y;11AV;35Q;65QKR;66K;69RT;77N;80K;95L;97R;99Y;103L;113YN;116F;138K;152E;152RE;156WA;163T;177KT;184H;193PV;194V;275G;;;;;;;;
C*05:09;1C;9Y;11AV;35Q;65QKR;66K;69RT;77N;80K;95L;97R;99Y;103L;113YN;116F;138K;152E;152RE;156R;156RA;163T;184H;193PV;194V;275G;;;;;;;;
C*05:10;1C;9Y;11AV;35Q;65QKR;66K;69RT;77N;80K;94I;95I;97R;99Y;103L;113YN;116F;138K;152E;152RE;156R;156RA;163T;177KT;184H;193PV;194V;275G;;;;;;
C*05:13;1C;9Y;11AV;35Q;65QKR;66K;69RT;77N;80K;95L;97R;99Y;103L;113YN;116F;138K;152E;152RE;156R;156RA;163T;177KT;184H;193PV;194V;275G;;;;;;;
C*05:14;1C;9Y;11AV;35Q;65QKR;66K;69RT;77N;80K;95L;97R;99Y;103L;113YN;116F;138K;152E;152RE;156R;156RA;163T;177KT;184H;193PV;194V;275G;;;;;;;
C*05:18;1C;9Y;11AV;35Q;65QKR;66K;69RT;77N;80K;95L;97R;99Y;103L;113YN;116F;152E;152RE;156R;156RA;163T;177KT;184H;193PV;194V;275G;;;;;;;;
C*05:19;1C;9Y;11AV;35Q;65QKR;66K;69RT;77N;80K;95L;97R;99Y;103L;113YN;116F;138K;152E;152RE;156R;156RA;163T;177KT;184H;193PV;194V;275G;;;;;;;
C*05:22;1C;9Y;11AV;35Q;65QKR;66K;69RT;77N;80K;95L;97R;99Y;103L;113YD;116F;138K;152E;152RE;156R;156RA;163T;177KT;184H;193PV;194V;275G;;;;;;;
C*05:25;1C;9Y;11AV;35Q;65QKR;66K;69RT;77N;80K;90D;95L;97R;99Y;103L;113YN;116F;138K;152E;152RE;156R;156RA;163T;177KT;184H;193PV;194V;275G;;;;;;
C*06:02;1C;9D;11AV;24S;65QKR;66K;69RA;73AN;77N;80K;90D;95L;97W;99Y;103L;113YD;116S;152E;152RE;156WA;163T;184H;193PV;194V;;;;;;;;;
C*06:04;1C;9D;11AV;24S;65QKR;66K;69RA;73AN;77N;80K;90D;95L;97W;99Y;103L;113YD;116S;152E;152RE;156L;163T;184H;193PV;194V;;;;;;;;;
C*06:06;1C;9D;11AV;24S;65QKR;66K;69RA;73AN;77N;80K;90D;95L;97W;99Y;103L;113YD;116S;152E;152RE;156R;156RA;163T;184H;193PV;194V;;;;;;;;
C*06:07;1C;9D;11AV;24S;65QKR;66K;69RA;73AN;77N;80K;90D;95L;97W;99Y;103L;113YD;116S;152E;152RE;156WA;163T;184H;193PV;194V;;;;;;;;;
C*06:08;1C;9D;11AV;24S;65QKR;66K;69RA;73AN;77N;80K;90D;95L;97W;99Y;103L;113YD;116S;152E;152RE;156WA;163E;163EW;184H;193PV;194V;;;;;;;;
C*06:09;1C;9D;11AV;24S;65QKR;66K;69RA;73AN;77N;80K;90D;95L;97W;99Y;103L;113YN;116F;152E;152RE;156WA;163T;184H;193PV;194V;;;;;;;;;
C*06:12;1C;9D;11AV;24S;65QKR;66K;69RA;73AN;77N;80K;90D;95L;97W;99Y;103L;113YD;116S;152E;152RE;156WA;163T;184H;193PV;194V;;;;;;;;;
C*06:13;1C;9D;11AV;24S;65QKR;66K;69RA;73AN;77N;80K;90D;95L;97W;99Y;103L;113YD;116S;152E;152RE;156WA;163T;184H;193PV;194V;;;;;;;;;
C*06:14;1C;9D;11AV;24S;65QKR;66K;69RA;73AN;77N;80K;90D;94I;95I;97W;99Y;103L;113YD;116S;152E;152RE;156WA;163T;184H;193PV;194V;;;;;;;;
C*06:17;1C;9D;11AV;24S;65QKR;66K;69RA;73AN;77N;80K;90D;95L;97W;99Y;103L;113YD;116S;152E;152RE;156WA;163T;;;;;;;;;;;;
C*06:23;1C;9D;11AV;24S;65QKR;66K;69RA;73AN;77N;80K;90D;95L;97W;103L;113YD;116S;152E;152RE;156WA;163T;184H;193PV;194V;;;;;;;;;;
C*07:01;1C;9D;11AV;24S;66N;69RA;73AS;76VRN;76VS;77S;77SRN;80N;90D;95L;97R;99Y;103L;113YD;116S;147L;152A;152RA;156L;163T;193PL;253Q;267QE;;;;;;
C*07:02;1C;9D;11AV;24S;65QKR;66K;69RA;73AS;76VRN;76VS;77S;77SRN;80N;90D;95L;97R;99S;103L;113YD;116S;147L;152A;152RA;156L;163T;193PL;253Q;267QE;;;;;
C*07:04;1C;9D;11AV;24S;65QKR;66K;69RA;73AS;76VRN;76VS;77S;77SRN;80N;90D;95F;97R;99Y;103L;113YD;116F;147L;152A;152RA;156DA;163T;177KT;193PL;253Q;267QE;;;;
C*07:05;1C;9D;11AV;24S;65QKR;66K;69RA;73AS;76VRN;76VS;77S;77SRN;80N;90D;95L;97N;99Y;103L;113YD;116S;147L;152A;152RA;156L;163T;193PL;253Q;267QE;;;;;
C*07:06;1C;9D;11AV;24S;66N;69RA;73AS;76VRN;76VS;77S;77SRN;80N;90D;95L;97R;99Y;103L;113YD;116S;147L;152A;152RA;156L;163T;193PL;253Q;267QE;;;;;;
C*07:07;1C;9D;11AV;24S;66N;69RA;73AN;77N;80K;95L;97R;99Y;103L;113YD;116S;147L;152A;152RA;156L;163T;193PL;253Q;267QE;;;;;;;;;;
C*07:10;1C;9D;11AV;24S;65QKR;66K;69RA;73AS;76VRN;76VS;77S;77SRN;80N;90D;94I;95I;97R;99S;103L;113YD;116S;147L;152A;152RA;156L;163T;193PL;253Q;267QE;;;;
C*07:11;1C;9D;11AV;24S;65QKR;66K;69RA;73AS;76VRN;76VS;77S;77SRN;80N;90D;95F;97R;99Y;103L;113YD;116F;147L;152A;152RA;156DA;163T;177KT;193PL;253Q;267QE;;;;
C*07:13;1C;9D;11AV;24S;65QKR;66K;69RA;73AS;76VRN;76VS;77S;77SRN;80N;90D;95L;97R;99S;103L;113YD;116F;147L;152A;152RA;156L;163T;253Q;267QE;;;;;;
C*07:15;1C;9D;11AV;24S;65QKR;66K;69RA;73AS;76VRN;76VS;77S;77SRN;80N;90D;95L;97R;99S;103L;113YD;116S;147L;152A;152RA;156L;163E;163EW;193PL;253Q;267QE;;;;
C*07:16;1C;9D;11AV;24S;66N;69RA;73AS;76VRN;76VS;77S;77SRN;80N;95L;97R;99Y;103L;113YD;116S;147L;152A;152RA;156L;163T;193PL;253Q;267QE;;;;;;;
C*07:17;1C;9D;11AV;24S;65QKR;66K;69RA;73AS;76VRN;76VS;77S;77SRN;80N;90D;95L;97R;99S;103L;113YD;116S;152A;152RA;156L;163T;193PL;253Q;267QE;;;;;;
C*07:18;1C;9D;11AV;24S;66N;69RA;73AS;76VRN;76VS;77S;77SRN;80N;90D;95L;97R;99Y;103L;113YD;116S;147L;152A;152RA;156L;163T;193PL;253Q;267QE;;;;;;
C*07:19;1C;9D;11AV;24S;66N;69RA;73AS;76VRN;76VS;77S;77SRN;80N;90D;95L;97R;99S;103L;113YD;116S;147L;152A;152RA;156L;163T;193PL;253Q;267QE;;;;;;
C*07:20;1C;9D;11AV;21H;66N;69RA;73AS;76VRN;76VS;77S;77SRN;80N;90D;95L;97R;99Y;103L;113YD;116S;147L;152A;152RA;156L;163T;193PL;253Q;267QE;;;;;;
C*07:21;1C;9D;11AV;24S;66N;69RA;73AS;76VRN;76VS;77S;77SRN;80N;90D;95L;97R;99Y;103L;113YD;116S;147L;152A;152RA;156L;163T;193PL;253Q;267QE;;;;;;
C*07:22;1C;9D;11AV;24S;66N;69RA;73AS;76VRN;76VS;77S;77SRN;80N;90D;95L;97R;99Y;103L;113YD;116S;147L;152A;152RA;156WA;163T;193PL;253Q;267QE;;;;;;
C*07:24;1C;9D;11AV;24S;66N;69RA;73AS;76VRN;76VS;77S;77SRN;80N;90D;95L;97R;99Y;103L;105S;113YD;116S;147L;152A;152RA;156L;163T;193PL;253Q;267QE;;;;;
C*07:25;1C;9D;11AV;24S;65QKR;66K;69RA;73AS;76VRN;76VS;77S;77SRN;80N;90D;95L;97R;99S;103L;113YD;116S;147L;149AH;150AAH;150AH;151AHA;151H;152A;152HA;156L;163T;193PL;253Q;267QE
C*07:26;1C;9Y;11AV;24S;66N;69RA;73AS;76VRN;76VS;77S;77SRN;80N;90D;95L;97R;99Y;103L;113YD;116S;147L;152A;152RA;156L;163T;193PL;253Q;267QE;;;;;;
C*07:27;1C;9D;11AV;24S;65QKR;66K;69RA;73AS;76VRN;76VS;77S;77SRN;80N;90D;95L;97R;99Y;103L;113YD;116S;147L;152A;152RA;156L;163T;193PL;253Q;267QE;;;;;
C*07:28;1C;9D;11AV;24S;66N;69RA;73AS;76VRN;76VS;77S;77SRN;80N;90D;95L;97R;99Y;103L;113YN;116F;147L;152A;152RA;156L;163T;193PL;253Q;267QE;;;;;;
C*07:29;1C;9D;11AV;24S;65QKR;66K;69RA;73AS;76VRN;76VS;77S;77SRN;80N;90D;95L;97R;99S;103L;113YD;116Y;147L;152A;152RA;156L;163T;193PL;253Q;267QE;;;;;
C*07:30;1C;9D;11AV;24S;66N;69RA;73AS;76VRN;76VS;77S;77SRN;80N;90D;95L;97R;99Y;103L;113YD;116S;147L;156L;163T;193PL;253Q;267QE;;;;;;;;
C*07:35;1C;9D;11AV;24S;66N;69RA;73AS;76VRN;76VS;77S;77SRN;80N;90D;95L;97R;99Y;103L;116S;147L;152A;152RA;156L;163T;193PL;253Q;267QE;;;;;;;
C*07:36;1C;9D;11AV;24S;66N;69RA;73AS;76VRN;76VS;77S;77SRN;80N;90D;95L;97R;99Y;103L;113YD;116S;147L;152A;152RA;156L;163T;193PL;253Q;267QE;;;;;;
C*07:37;1C;9D;11AV;24S;65QKR;66K;69RA;73AS;76VRN;76VS;77S;77SRN;80N;90D;95L;97R;99S;103L;113YD;116S;147L;152A;152RA;156R;156RA;163T;193PL;253Q;267QE;;;;
C*07:38;1C;9D;11AV;24S;65QKR;66K;69RA;73AS;76VRN;76VS;77S;77SRN;80N;90D;95L;97R;99S;103L;113YD;116S;147L;152A;152RA;156L;163T;177DK;180E;193PL;253Q;267QE;;;
C*07:40;1C;9D;11AV;24S;66N;69RT;73TVS;76VRN;76VS;77S;77SRN;80N;90D;95L;97R;99Y;103L;113YD;116S;147L;152A;152RA;156L;163T;193PL;253Q;267QE;;;;;;
C*07:41;1C;9D;11AV;24S;65QKR;66K;69RA;73AS;76VRN;76VS;77S;77SRN;80N;90D;95L;97R;99Y;103L;113YN;116F;138K;152E;152RE;156R;156RA;163T;177KT;184H;193PV;194V;;;
C*07:42;1C;9D;11AV;24S;65QKR;66K;69RA;73AS;76VRN;76VS;77S;77SRN;80N;90D;95L;97R;99S;103L;116S;147L;152A;152RA;156L;163T;193PL;253Q;267QE;;;;;;
C*07:46;1C;9D;11AV;24S;45EE;65QKR;66K;69RA;73AS;76VRN;76VS;77S;77SRN;80N;90D;95L;97R;99S;103L;113YD;116S;147L;152A;152RA;156L;163T;193PL;253Q;267QE;;;;
C*07:49;1C;9D;11AV;24S;65QKR;66K;69RA;73AN;76VRN;77N;80N;90D;95L;97R;99S;103L;113YD;116S;147L;152A;152RA;156L;163T;193PL;253Q;267QE;;;;;;;
C*07:50;1C;9D;11AV;24S;65QKR;66K;69RA;73AS;76VRN;76VS;77S;77SRN;80N;90D;95L;97R;99S;103L;113YD;116S;147L;152A;152RA;156L;163T;193PL;253Q;267QE;;;;;
C*07:51;1C;9D;11AV;24S;65QKR;66K;69RA;73AS;76VRN;76VS;77S;77SRN;80N;95L;97R;99S;103L;113YD;116S;147L;152A;152RA;156L;163T;193PL;253Q;267QE;;;;;;
C*07:52;1C;9D;11AV;24S;66N;69RA;73AS;76VRN;76VS;77S;77SRN;80N;90D;95L;97R;99Y;103L;113YD;116S;147L;152A;152RA;156L;163T;193PL;199V;253Q;267QE;;;;;
C*07:56;1C;9D;11AV;24S;65QKR;66K;69RA;73AS;76VRN;76VS;77S;77SRN;80N;90D;91R;95L;97R;99S;103L;113YD;116S;147L;152A;152RA;156L;163T;193PL;253Q;267QE;;;;
C*07:57;1C;9D;11AV;24S;66N;69RA;73AS;76VRN;76VS;77S;77SRN;80N;90D;95L;97R;99Y;103L;113YD;116S;147L;152A;152RA;156L;163T;193PL;253Q;267QE;;;;;;
C*07:59;1C;9D;11AV;24S;66N;69RA;73AS;76VRN;76VS;77S;77SRN;80N;90D;95L;97R;99Y;103L;113YD;116S;147L;152A;152RA;156L;163T;193PL;253Q;267QE;;;;;;
C*07:60;1C;9D;11AV;24S;66N;69RA;73AS;76VRN;76VS;77S;77SRN;80N;91R;95L;97R;99Y;103L;113YD;116S;147L;152A;152RA;156L;163T;193PL;253Q;267QE;;;;;;
C*07:63;1C;9D;11AV;24S;65QKR;66K;69RA;73AS;76VRN;76VS;77S;77SRN;80N;90D;95F;97R;99Y;103L;113YD;116F;147L;152A;152RA;156DA;163T;177KT;193PL;253Q;267QE;;;;
C*07:64;1C;9S;14W;65QKR;66K;69RA;73AS;76VRN;76VS;77S;77SRN;80N;90D;95L;97R;99S;103L;113YD;116S;147L;152A;152RA;156L;163T;193PL;253Q;267QE;;;;;;
C*07:66;1C;9D;11AV;24S;65QKR;66K;69RA;73AS;76VRN;76VS;77S;77SRN;80N;90D;95L;97R;99S;103L;113YD;116S;147L;152A;152RA;156L;163T;193PL;253Q;267QE;;;;;
C*07:67;1C;9D;11AV;24S;65QKR;66K;69RA;73AS;76VRN;76VS;77S;77SRN;80N;90D;95L;97R;99S;103L;113YD;116S;147L;152A;152RA;156L;163T;193PL;253Q;267QE;;;;;
C*07:68;1C;9D;11AV;24S;65QKR;66K;69RA;73AS;76VRN;76VS;77S;77SRN;80N;90D;95L;97R;99S;103L;113YD;116S;147L;152A;152RA;156DA;163T;177KT;193PL;253Q;267QE;;;;
C*07:70;1C;9D;11AV;24S;66N;69RA;73AS;76VRN;76VS;77S;77SRN;80N;90D;95L;97R;99Y;103L;113YD;116S;147L;152A;152RA;156L;163T;193PL;253Q;267QE;;;;;;
C*07:71;1C;9D;11AV;24S;66N;69RA;73AS;76VRN;76VS;77S;77SRN;80N;90D;95L;97R;99Y;103L;113YD;116S;147L;152A;152RA;156L;163T;193PL;253Q;267QE;;;;;;
C*07:72;1C;9D;11AV;24S;65QKR;66K;69RA;73AS;76VRN;76VS;77S;77SRN;80N;90D;95L;97R;99S;103L;113YD;116S;147L;152A;152RA;156L;163T;193PL;253Q;267QE;;;;;
C*08:01;1C;9Y;11AV;35Q;65QKR;66K;69RT;73TVS;76VRN;76VS;77S;77SRN;80N;95L;97R;99Y;103L;113YN;116F;152T;156L;163T;177KT;184H;193PV;194V;275G;;;;;;
C*08:02;1C;9Y;11AV;35Q;65QKR;66K;69RT;73TVS;76VRN;76VS;77S;77SRN;80N;95L;97R;99Y;103L;113YN;116F;138K;152E;152RE;156R;156RA;163T;177KT;184H;193PV;194V;275G;;;
C*08:03;1C;9Y;11AV;35Q;65QKR;66K;69RT;73TVS;76VRN;76VS;77S;77SRN;80N;95L;97R;99Y;103L;113YN;116F;152T;156L;163T;177KT;184H;193PV;194V;275G;;;;;;
C*08:04;1C;9Y;11AV;35Q;65QKR;66K;69RT;73TVS;76VRN;76VS;77S;77SRN;80N;95L;97R;99Y;103L;113YN;116F;138K;152E;152RE;156L;163T;177KT;184H;193PV;194V;275G;;;;
C*08:05;1C;9Y;11AV;35Q;65QKR;66K;69RA;73AS;76VRN;76VS;77S;77SRN;80N;95L;97R;99Y;103L;113YN;116F;138K;152E;152RE;156R;156RA;163T;177KT;184H;193PV;194V;275G;;;
C*08:06;1C;9Y;11AV;35Q;65QKR;66K;69RT;73TVS;76VRN;76VS;77S;77SRN;80N;95L;97R;99Y;103L;113YN;116F;152T;156L;177KT;184H;193PV;194V;275G;;;;;;;
C*08:08;1C;9Y;11AV;35Q;65QKR;66K;69RT;73TVS;76VRN;76VS;77S;77SRN;80N;95L;97S;99Y;103L;113YN;116F;152T;156L;163T;177KT;184H;193PV;194V;275G;;;;;;
C*08:09;1C;9Y;11AV;35Q;65QKR;66K;69RT;73TVS;76VRN;76VS;77S;77SRN;80N;95L;97R;99Y;103L;113YD;116S;152T;156L;163T;177KT;184H;193PV;194V;;;;;;;
C*08:10;1C;9Y;11AV;35Q;65QKR;66K;69RT;77N;80K;95L;97R;99Y;103L;113YN;116F;152T;156L;163T;177KT;184H;193PV;194V;275G;;;;;;;;;;
C*08:11;1C;9Y;11AV;35Q;65QKR;66K;69RT;73TVS;76VRN;76VS;77S;77SRN;80N;95L;97R;99Y;103L;113YD;116S;152T;156L;163T;177KT;184H;193PV;194V;275G;;;;;;
C*08:12;1C;9Y;11AV;35Q;65QKR;66K;69RT;73TVS;76VRN;76VS;77S;77SRN;80N;95L;97W;99Y;103L;113YN;116F;138K;152E;152RE;156R;156RA;163T;177KT;184H;193PV;194V;275G;;;
C*08:13;1C;9Y;11AV;65QKR;66K;69RT;73TVS;76VRN;76VS;77S;77SRN;80N;95L;97R;99Y;103L;113YN;116F;138K;152E;152RE;156L;163T;177KT;184H;193PV;194V;275G;;;;;
C*08:15;1C;9Y;11AV;35Q;65QKR;66K;69RT;73TVS;76VRN;76VS;77S;77SRN;80N;95L;97R;99Y;103L;113YN;116F;138K;152E;152RE;156R;156RA;163T;184H;193PV;194V;275G;;;;
C*08:19;1C;9Y;11AV;35Q;65QKR;66K;69RT;73TVS;76VRN;76VS;77S;77SRN;80N;95L;97R;99F;103L;113YN;116F;138K;152E;152RE;156R;156RA;163T;177KT;193PV;194V;275G;;;;
C*08:20;1C;9Y;11AV;35Q;65QKR;66K;69RT;73TVS;76VRN;76VS;77S;77SRN;80N;95L;97R;99Y;103L;113YN;116F;152T;156L;163T;177KT;184H;193PI;275G;;;;;;;
C*08:21;1C;9Y;11AV;35Q;65QKR;66K;69RA;73AS;76VRN;76VS;77S;77SRN;80N;95L;97R;99Y;103L;113YN;116F;152T;156L;163T;177KT;184H;193PV;194V;275G;;;;;;
C*08:22;1C;9Y;11AV;35Q;65QKR;66K;69RT;73TVS;76VRN;76VS;77S;77SRN;80N;95L;97R;99Y;103L;113YN;116F;152T;156L;163T;177KT;184H;193PV;194V;275G;;;;;;
C*08:23;1C;9Y;11AV;35Q;65QKR;66K;69RT;73TVS;76VRN;76VS;77S;77SRN;80N;95L;97R;99Y;103L;113YN;116F;138K;152E;152RE;156R;156RA;163T;177KT;184H;193PV;194V;275G;;;
C*12:02;1C;9Y;11AV;65QKR;66K;69RA;73AS;76VRN;76VS;77S;77SRN;80N;95L;97R;99Y;103L;113YD;116S;152E;152RE;156WA;163T;184H;193PV;194V;;;;;;;;
C*12:03;1C;9Y;11AV;65QKR;66K;69RA;73AS;76VRN;76VS;77S;77SRN;80N;95L;97W;99Y;103L;113YD;116S;152E;152RE;156WA;163T;184H;193PV;194V;;;;;;;;
C*12:04;1C;9Y;11AV;65QKR;66K;69RA;73AN;77N;80K;95L;97W;99Y;103L;113YD;116S;152E;152RE;156WA;163T;184H;193PV;194V;;;;;;;;;;;
C*12:05;1C;9Y;11AV;65QKR;66K;69RT;77N;80K;95L;97W;99Y;103L;113YD;116S;152E;152RE;156WA;163T;184H;193PV;194V;;;;;;;;;;;;
C*12:08;1C;9Y;11AV;66N;69RA;73AS;76VRN;76VS;77S;77SRN;80N;95L;97R;99Y;103L;113YD;116S;152E;152RE;156WA;163T;184H;193PV;194V;;;;;;;;;
C*12:09;1C;9Y;11AV;65QKR;66K;69RT;77N;80K;95L;97W;99Y;103L;113YD;116S;152E;152RE;156R;156RA;163T;184H;193LV;194V;;;;;;;;;;;
C*12:10;1C;9Y;11AV;65QKR;66K;69RA;73AS;76VRN;76VS;77S;77SRN;80N;95L;97R;99F;103L;113YD;116S;152E;152RE;156WA;163T;184H;193PV;194V;;;;;;;;
C*12:12;1C;9Y;11AV;65QKR;66K;69RA;73AS;76ES;76ESN;77S;77SRN;80N;95L;97W;99Y;103L;113YD;116S;152E;152RE;156WA;163T;184H;193PV;194V;;;;;;;;
C*12:13;1C;9Y;11AV;65QKR;66K;69RA;73AS;76VRN;76VS;77S;77SRN;80N;95L;97W;99Y;103L;113YD;116S;152E;152RE;156WA;163T;184H;193PV;194V;;;;;;;;
C*12:14;1C;9Y;11AV;65QKR;66K;69RA;73AS;76VRN;76VS;77S;77SRN;80N;95L;97R;99Y;103L;113YD;116S;147L;152A;152RA;156L;163T;184H;193PV;194V;;;;;;;
C*12:16;1C;9D;11AV;24S;65QKR;66K;69RA;73AS;76VRN;76VS;77S;77SRN;80N;95L;97R;99Y;103L;113YD;116S;152E;152RE;156WA;163T;184H;193PV;194V;;;;;;;
C*12:18;1C;9Y;11AV;65QKR;66K;69RA;73AS;76VRN;76VS;77S;77SRN;80N;95L;97R;99Y;103L;113YD;116S;152E;152RE;156L;163T;184H;193PV;194V;;;;;;;;
C*12:19;1C;9Y;11AV;65QKR;66K;69RA;73AS;76VRN;76VS;77S;77SRN;80N;95L;97W;99Y;103L;113YD;116S;152E;152RE;163T;184H;193PV;194V;;;;;;;;;
C*12:20;1C;9Y;11AV;65QKR;66K;69RA;73AS;76VRN;76VS;77S;77SRN;80N;95L;97W;99Y;103L;113YD;116S;152E;152RE;156L;163T;184H;193PV;194V;;;;;;;;
C*14:02;1C;9S;65QKR;66K;69RT;73TVS;76VRN;76VS;77S;77SRN;80N;95L;97W;99F;103L;113YD;116S;152E;152RE;156R;156RA;163T;184H;193PV;194V;219W;;;;;;;
C*14:03;1C;9S;21H;65QKR;66K;69RT;73TVS;76VRN;76VS;77S;77SRN;80N;95L;97W;99F;103L;113YD;116S;152E;152RE;156R;156RA;163T;184H;193PV;194V;219W;;;;;;
C*14:04;1C;9S;65QKR;66K;69RA;73AN;76VRN;77N;80N;95L;97W;99F;103L;113YD;116S;152E;152RE;156R;156RA;163T;184H;193PV;194V;219W;;;;;;;;;
C*14:05;1C;9S;65QKR;66K;69RT;73TVS;76VRN;76VS;77S;77SRN;80N;95L;97W;99Y;103L;113YD;116S;152E;152RE;156R;156RA;163T;184H;193PV;194V;219W;;;;;;;
C*14:06;1C;9S;65QKR;66K;69RT;73TVS;76VRN;76VS;77S;77SRN;80N;95L;97W;99F;103L;113YD;116S;152E;152RE;156L;163T;184H;193PV;194V;219W;;;;;;;;
C*14:09;1C;9S;65QKR;66K;69RT;73TVS;76VRN;76VS;77S;77SRN;80N;95L;97R;99Y;103L;113YD;116S;152E;152RE;156R;156RA;163T;184H;193PV;194V;219W;;;;;;;
C*14:10;1C;9S;21H;65QKR;66K;69RT;73TVS;76VRN;76VS;77S;77SRN;80N;91R;95L;97W;99F;103L;113YD;116S;152E;152RE;156R;156RA;163T;184H;193PV;194V;219W;;;;;
C*14:11;1C;9S;65QKR;66K;69RT;73TVS;76VRN;76VS;77S;77SRN;80N;95L;97W;99F;103L;113YD;116S;152E;152RE;156R;156RA;163T;184H;193PV;194V;219W;;;;;;;
C*15:02;1C;9Y;11AV;21H;66N;69RT;77N;80K;94I;95I;97R;99Y;103L;113H;113HD;116L;152E;152RE;156L;163T;184H;193PV;194V;;;;;;;;;;
C*15:03;1C;9Y;11AV;21H;66N;69RA;73AN;77N;80K;94I;95I;97R;99Y;103L;113H;113HD;116L;152E;152RE;156L;163T;184H;193PV;194V;;;;;;;;;
C*15:04;1C;9Y;11AV;21H;66N;69RT;77N;80K;94I;95I;97R;99Y;103L;113YD;116S;152E;152RE;156L;163T;184H;193PV;194V;;;;;;;;;;;
C*15:05;1C;9Y;11AV;21H;66N;69RT;77N;80K;94I;95I;97R;99Y;103L;113H;113HD;116F;152E;152RE;156L;163T;184H;193PV;194V;;;;;;;;;;
C*15:06;1C;9Y;11AV;21H;66N;69RT;77N;80K;94I;95I;97R;99Y;103L;113H;113HD;116Y;152E;152RE;156L;163T;184H;193PV;194V;;;;;;;;;;
C*15:07;1C;9Y;11AV;21H;66N;69RT;73TVS;76VRN;76VS;77S;77SRN;80N;94I;95I;97R;99Y;103L;113H;113HD;116L;152E;152RE;156L;163T;184H;193PV;194V;;;;;;
C*15:08;1C;9Y;11AV;21H;66N;69RT;77N;80K;94I;95I;97R;99Y;103L;113H;113HD;116L;152E;152RE;156R;156RA;163T;184H;193PV;194V;;;;;;;;;
C*15:09;1C;9Y;11AV;21H;66N;69RT;77N;80K;94I;95I;97R;99Y;103L;113H;113HD;116S;152E;152RE;156L;163T;184H;193PV;194V;;;;;;;;;;
C*15:10;1C;9Y;11AV;66N;69RT;77N;80K;94I;95I;97R;99Y;103L;113H;113HD;116L;152E;152RE;156L;163T;184H;193PV;194V;;;;;;;;;;;
C*15:11;1C;9Y;11AV;16S;21H;65QKR;66K;69RT;77N;80K;94I;95I;97R;99Y;103L;113H;113HD;116L;152E;152RE;156L;163T;184H;193PV;194V;;;;;;;;
C*15:13;1C;9Y;11AV;21H;66N;69RT;77N;80K;94I;95I;97R;99Y;103L;113H;113HD;116L;152E;152RE;156L;163T;184H;193PV;194V;;;;;;;;;;
C*15:15;1C;9Y;11AV;21H;66N;69RT;77N;80K;94I;95I;97R;99Y;103L;113H;113HD;116L;152E;152RE;156L;163L;163LE;163LW;184H;193PV;194V;;;;;;;;
C*15:16;1C;9Y;11AV;21H;65QKR;66K;69RA;73AN;77N;80K;94I;95I;97R;99Y;103L;113H;113HD;116L;152E;152RE;156L;163T;184H;193PV;194V;;;;;;;;
C*15:17;1C;9Y;11AV;21H;65QKR;66K;69RT;77N;80K;94I;95I;97R;99Y;103L;113H;113HD;116L;152E;152RE;156L;163T;184H;193PV;194V;;;;;;;;;
C*16:01;1C;9Y;11AV;65QKR;66K;69RT;73TVS;76VRN;76VS;77S;77SRN;80N;95L;97W;99Y;103L;113YD;116S;152A;152RA;156QA;163T;184H;193LV;194V;;;;;;;;
C*16:02;1C;9Y;11AV;65QKR;66K;69RT;77N;80K;95L;97W;99Y;103L;113YD;116S;152A;152RA;156QA;163T;184H;193LV;194V;;;;;;;;;;;;
C*16:04;1C;9Y;11AV;65QKR;66K;69RT;73TVS;76VRN;76VS;77S;77SRN;80N;95L;97W;99Y;103L;113YD;116S;152A;152RA;156WA;163T;184H;193LV;194V;;;;;;;;
C*16:07;1C;9Y;11AV;65QKR;66K;69RT;73TVS;76VRN;76VS;77S;77SRN;80N;95L;97R;99Y;103L;113YD;116S;152A;152RA;156QA;163T;184H;193LV;194V;;;;;;;;
C*16:08;1C;9Y;11AV;65QKR;66K;69RT;73TVS;76VRN;76VS;77S;77SRN;80N;95L;97W;99Y;103L;113YD;116S;152A;152RA;156QA;163T;184H;193LV;194V;;;;;;;;
C*18:01;1C;9D;11AV;24S;65QKR;66K;69RA;73AN;77N;80K;90D;95L;97R;99F;103L;113YN;116F;152E;152RE;156R;156RA;163T;184H;193PV;194V;219W;275K;;;;;;
C*18:02;1C;9D;11AV;24S;65QKR;66K;69RA;73AN;77N;80K;90D;95L;97R;99F;103L;113YN;116F;152E;152RE;156R;156RA;163T;184H;193PV;194V;219W;275K;;;;;;
C*18:03;1C;9D;11AV;24S;65QKR;66K;69RA;73AN;77N;80K;90D;95L;97R;99F;103L;113YN;116F;152E;152RE;156WA;163E;163EW;184H;193PV;194V;219W;275K;;;;;;
C*03:39;9D;11AV;24S;65QKR;66K;69RT;73TVS;76VRN;76VS;77S;77SRN;80N;91R;94I;95I;97R;99Y;113YD;116Y;152E;152RE;156L;163L;163LE;163LW;173K;;;;;;;
C*06:05;9D;11AV;24S;35Q;65QKR;66K;69RT;77N;80K;90D;95L;97W;99Y;103L;113YD;116S;152E;152RE;156R;156RA;163T;;;;;;;;;;;;
C*06:10;9D;11AV;65QKR;66K;69RA;73AN;77N;80K;90D;95L;97W;99Y;103L;113YD;116S;152E;152RE;156WA;163T;;;;;;;;;;;;;;
C*06:11;9D;11AV;24S;65QKR;66K;69RA;73AS;76VRN;76VS;77S;77SRN;80N;90D;95L;97W;99Y;103L;113YD;116S;152E;152RE;156WA;163T;;;;;;;;;;
C*06:15;9D;11AV;24S;65QKR;66K;69RA;73AN;77N;80K;90D;95L;97W;99Y;103L;113YD;116S;152E;152RE;156WA;163T;;;;;;;;;;;;;
C*06:18;9D;11AV;24S;65QKR;66K;69RA;73AN;77N;80K;90D;95L;97W;99Y;103L;113YD;116S;152E;152RE;156WA;163T;;;;;;;;;;;;;
C*06:19;9D;11AV;24S;65QKR;66K;69RA;73AN;77N;80K;90D;95L;97W;99Y;103L;113YD;116S;152E;152RE;156WA;163T;;;;;;;;;;;;;
C*06:20;9D;11AV;24S;65QKR;66K;69RA;73AN;77N;80K;90D;95L;97W;99Y;103L;113YD;116S;131S;152E;152RE;156WA;163T;;;;;;;;;;;;
C*06:22;9D;11AV;24S;65QKR;66K;69RA;73AN;77N;80K;90D;95L;97W;99Y;103L;113YD;116S;152E;152RE;156WA;163T;;;;;;;;;;;;;
C*07:03;9D;11AV;24S;65QKR;66K;69RA;73AS;76VRN;76VS;77S;77SRN;80N;90D;95L;97R;99S;103L;113YD;116S;152A;152RA;156L;163L;163LE;163LW;193PL;253Q;267QE;;;;;
C*07:08;9D;11AV;24S;65QKR;66K;69RA;73AS;76VRN;76VS;77S;77SRN;80N;90D;95L;97R;99F;103L;113YD;116S;147L;152A;152RA;156L;163T;;;;;;;;;
C*07:09;9D;11AV;24S;66N;69RA;73AN;77N;80K;90D;95L;97R;99Y;103L;113YD;116S;147L;152A;152RA;156L;163T;;;;;;;;;;;;;
C*07:12;9D;11AV;24S;65QKR;66K;69RA;73AS;76VRN;76VS;77S;77SRN;80N;90D;95F;97R;99Y;103L;113YD;116F;152A;152RA;156DA;163T;177KT;193PL;;;;;;;;
C*07:14;9D;11AV;24S;65QKR;66K;69RA;73AS;76VRN;76VS;77S;77SRN;80N;90D;95L;97R;99Y;103L;113YD;116S;147L;152A;152RA;156L;163T;;;;;;;;;
C*07:23;9D;11AV;24S;65QKR;66K;69RA;73AS;76VRN;76VS;77S;77SRN;80N;90D;95L;97R;99S;103L;113YD;116S;147L;152A;152RA;156L;163T;;;;;;;;;
C*07:31;9D;11AV;24S;65QKR;66K;69RA;73AS;76VRN;76VS;77S;77SRN;80N;90D;95L;97W;99Y;103L;113YD;116S;147L;152A;152RA;156L;163T;;;;;;;;;
C*07:39;9D;11AV;24S;65QKR;66K;69RT;73TVS;76VRN;76VS;77S;77SRN;80N;90D;95L;97R;99S;103L;113YD;116S;147L;152A;152RA;156L;163T;193PL;253Q;267QE;;;;;;
C*07:43;9D;11AV;24S;65QKR;66K;69RA;73AS;76VRN;76VS;77S;77SRN;80N;90D;94I;95I;97R;99Y;103L;113YD;116S;147L;152A;152RA;156L;163T;;;;;;;;
C*07:44;9D;11AV;24S;66N;69RA;73AS;76VRN;76VS;77S;77SRN;80N;90D;95L;97R;99Y;103L;113YD;116S;147L;152A;152RA;156L;163T;;;;;;;;;;
C*07:45;9D;11AV;24S;65QKR;66K;69RA;73AS;76VRN;76VS;77S;77SRN;80N;90D;95F;97R;99Y;103L;113YD;116F;147L;152A;152RA;156DA;163T;193PL;253Q;267QE;;;;;;
C*07:47;9D;11AV;24S;65QKR;66K;69RA;73AS;76VRN;76VS;77S;77SRN;80N;90D;95L;97R;99S;103L;113YD;116S;147L;152A;152RA;156L;163T;;;;;;;;;
C*07:48;9D;11AV;24S;65QKR;66K;69RA;73AS;76VRN;76VS;77S;77SRN;80N;90D;95L;97R;99S;103L;113YD;116S;147L;152A;152RA;156L;163T;;;;;;;;;
C*07:53;9D;11AV;24S;66N;69RA;73AS;76VRN;76VS;77S;77SRN;80N;90D;95L;97R;99Y;103L;113YD;116S;147L;152A;152RA;156QA;163T;;;;;;;;;;
C*07:54;9D;11AV;24S;65QKR;66K;69RA;73AS;76VRN;76VS;77S;77SRN;80N;90D;95L;97R;99S;103L;113YD;116S;147L;152A;152RA;156L;163T;;;;;;;;;
C*07:58;9D;11AV;24S;66N;69RA;73AS;76VRN;76VS;77S;77SRN;80N;90D;95L;97R;99Y;103L;113YD;116S;147L;152A;156L;163T;;;;;;;;;;;
C*07:62;9D;11AV;24S;65QKR;66K;69RA;73AS;76VRN;76VS;77S;77SRN;80N;90D;95L;97R;99S;103L;113YD;116S;147L;152A;152RA;156L;163T;;;;;;;;;
C*07:69;9D;11AV;24S;41T;66N;69RA;73AS;76VRN;76VS;77S;77SRN;80N;90D;95L;97R;99Y;103L;113YD;116S;147L;152A;152RA;156L;163T;;;;;;;;;
C*01:11;9F;24S;65QKR;66K;69RT;73TVS;76VRN;76VS;77S;77SRN;80N;95L;97W;103L;113YD;116Y;152E;152RE;156R;156RA;163T;184H;193PV;194V;219W;248M;;;;;;;
C*01:15;9F;24S;65QKR;66K;69RT;73TVS;76VRN;76VS;77S;77SRN;80N;95L;97W;103L;113YD;116Y;152E;152RE;156R;156RA;163T;;;;;;;;;;;;
C*01:16;9F;24S;65QKR;66K;69RT;73TVS;76VRN;76VS;77S;77SRN;80N;95L;97W;103L;113YD;116Y;152E;152RE;156R;156RA;163T;;;;;;;;;;;;
C*01:18;9F;24S;66K;73TVS;76VRN;76VS;77S;77SRN;80N;95L;97W;103L;113YD;116Y;152E;152RE;156R;156RA;163T;;;;;;;;;;;;;;
C*01:19;9F;24S;65QKR;66K;69RT;76VRN;80N;95L;97W;103L;113YD;116Y;152E;152RE;156R;156RA;163T;;;;;;;;;;;;;;;;
C*01:20;9F;24S;65QKR;66K;69RT;73TVS;76VRN;76VS;77S;77SRN;80N;95L;97W;103L;113YD;116Y;152E;152RE;156R;156RA;163T;;;;;;;;;;;;
C*01:22;9F;24S;65QKR;66K;69RT;73TVS;76VRN;76VS;77S;77SRN;80N;95L;97W;103L;113YD;116Y;152E;152RE;156L;163T;184H;193PV;194V;219W;248M;;;;;;;;
C*01:23;9F;24S;65QKR;66K;69RA;73AS;76VRN;76VS;77S;77SRN;80N;90D;95L;97W;103L;113YD;116Y;152E;152RE;156R;156RA;163T;;;;;;;;;;;
C*01:25;9F;24S;65QKR;66K;69RT;73TVS;76VRN;76VS;77S;77SRN;80N;95L;97W;103L;113YD;116Y;152E;152RE;156R;156RA;163T;184H;193PV;194V;219W;248M;;;;;;;
C*01:26;9F;24S;65QKR;66K;69RT;73TVS;76VRN;76VS;77S;77SRN;80N;95L;97W;103L;113YD;116Y;152E;152RE;156R;156RA;163T;;;;;;;;;;;;
C*04:01;9S;14W;65QKR;66K;69RA;73AN;77N;80K;90D;95L;97R;99F;103L;113YN;116F;152E;152RE;156R;156RA;163T;184H;193PV;194V;219W;275K;;;;;;;;
C*04:04;9S;14W;65QKR;66K;69RA;73AN;77N;80K;90D;95L;97R;99F;103L;113YN;116F;152E;152RE;156L;163T;184H;193PV;194V;219W;275K;;;;;;;;;
C*04:05;9S;14W;65QKR;66K;69RA;73AN;77N;80K;90D;95L;97R;99F;103L;113YN;116F;152E;152RE;156R;156RA;163T;184H;193PV;194V;219W;275K;;;;;;;;
C*04:07;9S;14W;65QKR;66K;69RA;73AN;77N;80K;90D;95L;97R;99F;103L;113YN;116F;152E;152RE;156R;156RA;163T;184H;193PV;194V;219W;275K;;;;;;;;
C*04:08;9S;14W;65QKR;66K;69RA;73AN;77N;80K;90D;95L;97R;99F;103L;113YN;116F;152E;152RE;156R;156RA;163L;163LE;163LW;184H;193PV;194V;219W;275K;;;;;;
C*04:10;9S;14W;65QKR;66K;69RT;77N;80K;90D;95L;97R;99F;103L;113YN;116F;152E;152RE;156R;156RA;163T;184H;193PV;194V;219W;275K;;;;;;;;;
C*04:11;9S;14W;65QKR;66K;69RT;73TVS;76VRN;76VS;77S;77SRN;80N;95L;97R;99F;103L;113YN;116F;152E;152RE;156R;156RA;163T;184H;193PV;194V;219W;275K;;;;;;
C*04:12;9S;14W;65QKR;66K;69RA;73AN;77N;80K;90D;95L;97R;99F;103L;113YN;116F;152E;152RE;156R;156RA;163T;;;;;;;;;;;;;
C*04:13;9S;14W;65QKR;66K;69RA;73AN;77N;80K;90D;95L;97R;99F;103L;113YN;116F;152A;152RA;156L;163T;184H;193PV;194V;219W;275K;;;;;;;;;
C*04:14;9S;14W;65QKR;66K;69RA;73AN;77N;80K;90D;95L;97R;99F;103L;113YN;116F;152E;152RE;156QA;163T;184H;193PV;194V;219W;275K;;;;;;;;;
C*04:15;9S;14W;65QKR;66K;69RA;73AN;77N;80K;90D;95L;97R;99Y;103L;113YN;116F;152E;152RE;156R;156RA;163T;184H;193PV;194V;219W;275K;;;;;;;;
C*04:17;9S;14W;65QKR;66K;69RA;73AN;77N;80K;90D;95L;97R;99Y;113YN;116F;152E;152RE;156R;156RA;163T;;;;;;;;;;;;;;
C*04:18;9S;14W;65QKR;66K;69RA;73AN;77N;80K;90D;95L;97R;99F;103L;113YN;116F;152E;152RE;156R;156RA;163T;;;;;;;;;;;;;
C*04:19;9S;14W;65QKR;66K;69RA;73AN;77N;80K;90D;95L;97R;99F;103L;113YN;116F;152E;152RE;156R;156RA;163T;184H;193PV;194V;219W;275K;;;;;;;;
C*04:20;9S;14W;65QKR;66K;69RA;73AN;77N;80K;90D;95L;97R;99F;103L;113YN;116F;152E;152RE;156R;156RA;163T;;;;;;;;;;;;;
C*04:23;9S;14W;65QKR;66K;69RA;73AN;77N;80K;90D;95L;97R;99F;103L;113YD;116F;152E;152RE;156R;156RA;163T;184H;193PV;194V;219W;;;;;;;;;
C*04:24;9S;14W;19K;65QKR;66K;69RA;73AN;77N;80K;90D;95L;97R;99F;103L;113YN;116F;152E;152RE;156R;156RA;163T;184H;193PV;194V;219W;;;;;;;;
C*04:25;9S;14W;65QKR;66K;69RA;73AN;77N;80K;90D;95L;97R;99F;103L;113YN;116F;152E;152RE;156R;156RA;163T;;;;;;;;;;;;;
C*04:26;9S;14W;65QKR;66K;69RA;73AN;77N;80K;90D;95L;97R;99F;103L;113YN;116F;152E;152RE;156R;156RA;163T;184H;193PV;194V;219W;;;;;;;;;
C*04:27;9S;14W;65QKR;66K;69RA;73AN;77N;80K;90D;91R;95L;97R;99F;103L;113YN;116F;152E;152RE;156R;156RA;163T;184H;193PV;194V;219W;275K;;;;;;;
C*04:28;9S;14W;65QKR;66K;69RA;73AN;77N;80K;90D;95L;97R;99F;103L;113YN;116F;152E;152RE;156R;156RA;163T;184H;193PV;194V;219W;275K;;;;;;;;
C*04:29;9S;14W;65QKR;66K;69RA;73AS;76VRN;76VS;77S;77SRN;80N;90D;95L;97R;99F;103L;113YN;116F;152E;152RE;156R;156RA;163T;184H;193PV;194V;219W;275K;;;;;
C*04:30;9S;14W;65QKR;66K;69RA;73AN;77N;80K;90D;95L;97R;99F;103L;113YN;116F;152E;152RE;156R;156RA;163T;184H;193PV;194V;219W;275K;;;;;;;;
C*04:31;9S;14W;65QKR;66K;69RA;73AN;77N;80K;90D;95L;97R;99F;103L;113YN;116F;152E;152RE;156R;156RA;163T;;;;;;;;;;;;;
C*04:32;9S;14W;65QKR;66K;69RA;73AN;77N;80K;90D;95L;97R;99F;103L;113YN;116F;152E;152RE;156R;156RA;163E;163EW;;;;;;;;;;;;
C*04:33;9S;14W;65QKR;66K;69RA;73AN;77N;80K;95L;97R;99F;103L;113YN;116F;152E;152RE;156R;156RA;163T;184H;193PV;194V;219W;275K;;;;;;;;;
C*04:34;9S;14W;65QKR;66K;69RA;73AN;77N;80K;90D;95L;97R;99F;103L;113YN;116F;151ARV;152V;156L;163L;163LE;163LW;;;;;;;;;;;;
C*04:35;9S;14W;65QKR;66K;69RA;73AN;77N;80K;90D;95L;97R;99F;103L;113YN;116F;152E;152RE;156R;156RA;163T;;;;;;;;;;;;;
C*04:36;9S;14W;65QKR;66K;69RT;73TVS;76VRN;76VS;77S;77SRN;80N;90D;95L;97R;99F;103L;113YN;116F;152E;152RE;156R;156RA;163T;184H;193PV;194V;219W;275K;;;;;
C*04:37;9S;14W;65QKR;66K;69RA;73AN;77N;80K;90D;95L;97W;103L;113YN;116F;152E;152RE;156R;156RA;163T;;;;;;;;;;;;;;
C*04:38;9S;14W;65QKR;66K;69RA;73AN;77N;80K;90D;95L;97R;99F;103L;113YN;116F;152E;152RE;156R;156RA;163T;184H;193PV;194V;219W;275K;;;;;;;;
C*04:40;9S;14W;65QKR;66K;69RA;73AN;77N;80K;90D;95F;97R;99F;103L;113YN;116F;152E;152RE;156R;156RA;163T;184H;193PV;194V;219W;275K;;;;;;;;
C*14:08;9S;65QKR;66K;69RT;73TVS;76VRN;76VS;77S;77SRN;80N;97W;99F;103L;113YD;116S;152E;152RE;156R;156RA;163T;;;;;;;;;;;;;
C*02:09;9Y;11AV;16S;21H;65QKR;66K;69RT;77N;80K;95L;97R;99Y;103L;113YD;116S;152E;152RE;156WA;163E;163EW;;;;;;;;;;;;;
C*02:13;9Y;11AV;16S;21H;65QKR;66K;69RT;77N;80K;95L;97R;99Y;103L;113YD;116S;152A;152RA;156WA;163E;163EW;184H;193PV;194V;211T;;;;;;;;;
C*02:15;9Y;11AV;16S;21H;65QKR;66K;69RT;77N;80K;95L;97R;99Y;103L;113YD;116S;152E;152RE;156WA;163E;163EW;;;;;;;;;;;;;
C*02:18;9Y;11AV;16S;21H;65QKR;66K;69RT;77N;80K;95L;97R;99Y;103L;113YD;116S;152A;152RA;156L;163E;163EW;;;;;;;;;;;;;
C*02:19;9Y;11AV;16S;21H;65QKR;66K;69RT;77N;80K;95L;97R;99Y;103L;113YD;116Y;152E;152RE;156WA;163E;163EW;;;;;;;;;;;;;
C*02:22;9Y;11AV;16S;21H;65QKR;66K;69RT;77N;80K;95L;97R;99Y;103L;113YN;116F;152E;152RE;156WA;163E;163EW;;;;;;;;;;;;;
C*03:02;9Y;11AV;21H;65QKR;66K;69RT;73TVS;76VRN;76VS;77S;77SRN;80N;94I;95L;97R;99Y;113YD;116S;152E;152RE;156L;163L;163LE;163LW;173K;184H;193PV;194V;219W;;;;
C*03:03;9Y;11AV;21H;65QKR;66K;69RT;73TVS;76VRN;76VS;77S;77SRN;80N;91R;94I;95I;97R;99Y;113YD;116Y;152E;152RE;156L;163L;163LE;163LW;173K;184H;193PV;194V;219W;;;
C*03:04;9Y;11AV;21H;65QKR;66K;69RT;73TVS;76VRN;76VS;77S;77SRN;80N;94I;95I;97R;99Y;113YD;116Y;152E;152RE;156L;163L;163LE;163LW;173K;184H;193PV;194V;219W;;;;
C*03:05;9Y;11AV;21H;65QKR;66K;69RT;73TVS;76VRN;76VS;77S;77SRN;80N;95L;97S;99Y;113YD;116Y;152E;152RE;156L;163L;163LE;163LW;173K;184H;193PV;194V;219W;;;;;
C*03:06;9Y;11AV;21H;65QKR;66K;69RT;73TVS;76VRN;76VS;77S;77SRN;80N;94I;95I;97R;99Y;116Y;152E;152RE;156L;163L;163LE;163LW;173K;184H;193PV;194V;219W;;;;;
C*03:07;9Y;11AV;21H;65QKR;66K;69RT;77N;80K;94I;95I;97R;99Y;113YD;116Y;152E;152RE;156L;163L;163LE;163LW;173K;184H;193PV;194V;219W;;;;;;;;
C*03:08;9Y;11AV;21H;66N;69RT;73TVS;76VRN;76VS;77S;77SRN;80N;94I;95I;97R;99Y;113YD;116Y;152E;152RE;156L;163L;163LE;163LW;173K;184H;193PV;194V;219W;;;;;
C*03:09;9Y;11AV;21H;65QKR;66K;69RT;73TVS;76VRN;76VS;77S;77SRN;80N;94I;95I;97R;99Y;103L;113YD;116Y;152E;152RE;156L;163L;163LE;163LW;173K;184H;193PV;194V;219W;;;
C*03:10;9Y;11AV;21H;65QKR;66K;69RT;73TVS;76VS;77S;80K;94I;95I;97R;99Y;113YD;116Y;152E;152RE;156L;163L;163LE;163LW;173K;184H;193PV;194V;219W;;;;;;
C*03:11;9Y;11AV;24S;65QKR;66K;69RT;73TVS;76VRN;76VS;77S;77SRN;80N;91R;94I;95I;97R;99Y;113YD;116Y;152E;152RE;156L;163L;163LE;163LW;173K;;;;;;;
C*03:13;9Y;11AV;21H;65QKR;66K;69RT;73TVS;76VRN;76VS;77S;77SRN;80N;91R;95L;97R;99Y;113YD;116Y;152E;152RE;156L;163L;163LE;163LW;173K;184H;193PV;194V;219W;;;;
C*03:14;9Y;11AV;21H;65QKR;66K;69RT;73TVS;76VRN;76VS;77S;77SRN;80N;94I;95I;97R;99Y;113YD;116S;147L;152A;152RA;156L;163T;173K;184H;193PV;194V;219W;;;;;
C*03:15;9Y;11AV;21H;65QKR;66K;69RA;73AN;77N;80K;90D;94I;95L;97R;99Y;113YD;116S;152E;152RE;156L;163L;163LE;163LW;173K;;;;;;;;;;
C*03:16;9Y;11AV;21H;65QKR;66K;69RT;73TVS;76VRN;76VS;77S;77SRN;80N;94I;95L;97R;99Y;113YD;116S;152E;152RE;156L;163T;184H;193PV;194V;219W;;;;;;;
C*03:17;9Y;11AV;21H;65QKR;66K;69RT;73TVS;76VRN;76VS;77S;77SRN;80N;95L;97W;99Y;113YD;116Y;152E;152RE;156L;163L;163LE;163LW;173K;184H;193PV;194V;219W;;;;;
C*03:19;9Y;11AV;21H;65QKR;66K;69RT;73TVS;76VRN;76VS;77S;77SRN;80N;94I;95I;97R;99Y;113YD;116L;152E;152RE;156L;163L;163LE;163LW;173K;184H;193PV;194V;219W;;;;
C*03:21;9Y;11AV;21H;65QKR;66K;69RT;73TVS;76VRN;76VS;77S;77SRN;80N;91R;94I;95I;97R;99Y;113YD;116Y;152E;152RE;156WA;163T;173K;184H;193PV;194V;219W;;;;;
C*03:22;9Y;11AV;21H;65QKR;66K;69RT;73TVS;76VRN;76VS;77S;77SRN;80N;91R;94I;95I;97R;99Y;113YD;116Y;152E;152RE;156L;163L;163LE;163LW;173K;184H;193PV;194V;219W;;;
C*03:23;9Y;11AV;21H;65QKR;66K;69RT;73TVS;76VRN;76VS;77S;77SRN;80N;94I;95I;97R;99Y;113YD;116Y;152E;152RE;156L;163L;163LE;163LW;173K;184H;193PV;194V;219W;;;;
C*03:24;9Y;11AV;21H;65QKR;66K;69RT;73TVS;76VRN;76VS;77S;77SRN;80N;94I;95I;97R;99Y;113YD;116Y;152E;152RE;156L;163L;163LE;163LW;173K;;;;;;;;
C*03:25;9Y;11AV;21H;65QKR;66K;69RT;73TVS;76VRN;76VS;77S;77SRN;80N;95L;97S;99Y;113YD;116Y;152E;152RE;156L;163L;163LE;163LW;173K;;;;;;;;;
C*03:26;9Y;11AV;21H;65QKR;66K;69RT;73TVS;76VRN;76VS;77S;77SRN;80N;94I;95I;97R;99Y;113YD;116F;152E;152RE;156L;163L;163LE;163LW;173K;184H;193PV;194V;219W;;;;
C*03:27;9Y;11AV;21H;65QKR;66K;69RA;73AS;76VRN;76VS;77S;77SRN;80N;95L;97S;99Y;113YD;116Y;152E;152RE;156L;163L;163LE;163LW;173K;;;;;;;;;
C*03:28;9Y;11AV;21H;65QKR;66K;69RT;73TVS;76VRN;76VS;77S;77SRN;80N;94I;95I;97R;99Y;113YD;116Y;152E;152RE;156R;156RA;163L;163LE;163LW;173K;184H;193PV;194V;219W;;;
C*03:29;9Y;11AV;21H;66N;69RT;73TVS;76VS;77S;80K;94I;95I;97R;99Y;113YD;116Y;152E;152RE;156L;163L;163LE;163LW;173K;184H;193PV;194V;219W;;;;;;;
C*03:30;9Y;11AV;21H;65QKR;66K;69RT;73TVS;76VRN;76VS;77S;77SRN;80N;91R;94I;95I;97R;99Y;113YD;116Y;152E;152RE;156L;163L;163LE;163LW;173K;184H;193PV;194V;219W;;;
C*03:31;9Y;11AV;21H;66N;69RT;73TVS;76VRN;76VS;77S;77SRN;80N;91R;94I;95I;97R;99Y;113YD;116Y;152E;152RE;156L;163L;163LE;163LW;173K;;;;;;;;
C*03:32;9Y;11AV;21H;65QKR;66K;69RT;73TVS;76VRN;76VS;77S;77SRN;80N;90D;94I;95I;97R;99Y;113YD;116Y;152E;152RE;156L;163L;163LE;163LW;173K;184H;193PV;194V;219W;;;
C*03:33;9Y;11AV;21H;65QKR;66K;69RT;73TVS;76VRN;76VS;77S;77SRN;80N;94I;95L;97R;99Y;113YD;116S;152E;152RE;156L;163L;163LE;163LW;173K;;;;;;;;
C*03:34;9Y;11AV;21H;65QKR;66K;69RT;73TVS;76VRN;76VS;77S;77SRN;80N;94I;95I;97R;99Y;113YD;116Y;152E;152RE;156L;163E;163EW;173K;184H;193PV;194V;219W;;;;;
C*03:35;9Y;11AV;21H;65QKR;66K;69RT;73TVS;76VRN;76VS;77S;77SRN;80N;95L;97R;99Y;113YD;116Y;152E;152RE;156L;163L;163LE;163LW;173K;184H;193PV;194V;219W;;;;;
C*03:36;9Y;11AV;21H;65QKR;66K;69RT;73TVS;76VRN;76VS;77S;77SRN;80N;94I;95L;97R;99Y;113YD;116S;151ARV;152V;156L;163L;163LE;163LW;173K;184H;193PV;194V;219W;;;;
C*03:37;9Y;11AV;24S;65QKR;66K;69RT;73TVS;76VRN;76VS;77S;77SRN;80N;94I;95I;97R;99Y;113YD;116Y;152E;152RE;156L;163L;163LE;163LW;173K;184H;193PV;194V;219W;;;;
C*03:38;9Y;11AV;21H;65QKR;66K;69RA;73AS;76VRN;76VS;77S;77SRN;80N;94I;95I;97R;99Y;113YD;116Y;152E;152RE;156L;163L;163LE;163LW;173K;184H;193PV;194V;219W;;;;
C*03:40;9Y;11AV;21H;65QKR;66K;69RT;73TVS;76VRN;76VS;77S;77SRN;80N;94I;95I;97R;99Y;113YD;116S;152E;152RE;156L;163L;163LE;163LW;173K;184H;193PV;194V;219W;;;;
C*03:41;9Y;11AV;21H;65QKR;66K;69RT;73TVS;76VRN;76VS;77S;77SRN;80N;94I;95I;97R;99Y;113YD;116Y;152E;152RE;156L;163L;163LE;163LW;184H;193PV;194V;219W;;;;;
C*03:42;9Y;11AV;21H;65QKR;66K;69RT;73TVS;76VRN;76VS;77S;77SRN;80N;94I;95I;97R;99Y;103L;113YD;116S;152E;152RE;156L;163L;163LE;163LW;173K;184H;193PV;194V;219W;;;
C*03:43;9Y;11AV;21H;65QKR;66K;69RT;73TVS;76VRN;76VS;77S;77SRN;80N;91R;94I;95I;97R;99Y;113YD;116S;152E;152RE;156L;163L;163LE;163LW;173K;184H;193PV;194V;219W;;;
C*03:44;9Y;11AV;21H;65QKR;66K;69RT;73TVS;76VRN;76VS;77S;77SRN;80N;94I;95I;97R;99Y;113YD;116Y;152E;152RE;156L;163L;163LE;163LW;173K;184H;193PV;194V;219W;;;;
C*03:45;9Y;11AV;21H;65QKR;66K;69RT;77N;80K;90D;94I;95I;97R;99Y;113YD;116Y;152E;152RE;156L;163L;163LE;163LW;173K;;;;;;;;;;;
C*03:46;9Y;11AV;21H;65QKR;66K;69RT;73TVS;76VRN;76VS;77S;77SRN;80N;94I;95I;97R;99Y;113YD;116Y;152E;152RE;156L;163L;163LE;163LW;173K;184H;193PV;194V;219W;;;;
C*03:47;9Y;11AV;21H;65QKR;66K;69RT;73TVS;76VRN;76VS;77S;77SRN;80N;94I;95I;97R;99Y;113YD;116Y;152E;152RE;156L;163L;163LE;163LW;173K;184H;193PV;194V;219W;;;;
C*03:48;9Y;11AV;21H;65QKR;66K;69RT;73TVS;76VRN;76VS;77S;77SRN;80N;94I;95I;97R;99Y;113YD;116Y;152E;152RE;156L;163L;163LE;163LW;173K;;;;;;;;
C*03:49;9Y;11AV;21H;65QKR;66K;69RT;73TVS;76VRN;76VS;77S;77SRN;80N;91R;94I;95I;97R;99Y;113YD;116Y;152E;152RE;156R;156RA;163L;163LE;163LW;173K;184H;193PV;194V;219W;;
C*03:50;9Y;11AV;65QKR;66K;69RT;73TVS;76VRN;76VS;77S;77SRN;80N;91R;94I;95I;97R;99Y;113YD;116Y;152E;152RE;156L;163L;163LE;163LW;173K;184H;193PV;194V;219W;;;;
C*03:57;9Y;11AV;21H;65QKR;66K;69RT;73TVS;76VRN;76VS;77S;77SRN;80N;94I;95I;97R;99Y;113YD;116Y;152E;152RE;156L;163L;163LE;163LW;173K;;;;;;;;
C*03:58;9Y;11AV;21H;65QKR;66K;69RT;73TVS;76VRN;76VS;77S;77SRN;80N;91R;95L;97W;103L;113YN;116F;152E;152RE;156R;156RA;163T;184H;193PV;194V;219W;248M;;;;;
C*04:03;9Y;11AV;16S;21H;65QKR;66K;69RA;73AN;77N;80K;90D;95L;97R;99F;103L;113YN;116F;152E;152RE;156R;156RA;163T;184H;193PV;194V;219W;275K;;;;;;
C*04:06;9Y;11AV;16S;21H;65QKR;66K;69RA;73AN;77N;80K;90D;95L;97R;99F;103L;113YN;116F;152E;152RE;156L;163T;184H;193PV;194V;219W;275K;;;;;;;
C*04:16;9Y;11AV;21H;65QKR;66K;69RA;73AN;77N;80K;90D;95L;97R;99F;103L;113YN;116F;152E;152RE;156R;156RA;163T;;;;;;;;;;;;
C*05:06;9Y;11AV;35Q;65QKR;66K;69RT;77N;80K;95L;97R;99Y;103L;113YN;116F;138K;152E;152RE;156R;156RA;163T;177KT;;;;;;;;;;;;
C*05:11;9Y;11AV;35Q;65QKR;66K;69RT;77N;80K;95L;97R;99Y;103L;113YN;116F;138K;152E;152RE;156L;163T;177KT;;;;;;;;;;;;;
C*05:12;9Y;11AV;35Q;65QKR;66K;69RT;77N;80K;95L;97R;99Y;103L;113YN;116F;151ARV;152V;156R;156RA;163T;177KT;;;;;;;;;;;;;
C*05:15;9Y;11AV;35Q;65QKR;66K;69RT;77N;80K;95L;97R;99Y;103L;113YN;116F;138K;152E;152RE;156R;156RA;163T;177KT;;;;;;;;;;;;
C*05:16;9Y;11AV;35Q;65QKR;66K;69RT;77N;80K;95L;97W;99Y;103L;113YN;116F;138K;152E;152RE;156R;156RA;163T;177KT;;;;;;;;;;;;
C*05:17;9Y;11AV;35Q;65QKR;66K;69RT;77N;80K;95L;97R;99Y;103L;113YN;116F;138K;152A;152RA;156L;163T;184H;193PV;194V;275G;;;;;;;;;;
C*05:20;9Y;11AV;35Q;65QKR;66K;69RT;76VRN;77N;80N;95L;97R;99Y;103L;113YN;116F;138K;152E;152RE;156R;156RA;163T;177KT;;;;;;;;;;;
C*05:21;9Y;11AV;35Q;65QKR;66K;69RT;77N;80K;95L;97R;99Y;103L;113YN;116F;138K;152E;152RE;156R;156RA;163T;177KT;;;;;;;;;;;;
C*05:23;9Y;11AV;35Q;65QKR;66K;69RT;77N;80K;95L;97R;99Y;103L;113YN;116F;138K;147L;152E;152RE;156R;156RA;163T;177KT;184H;193PV;194V;;;;;;;;
C*05:24;9Y;11AV;35Q;65QKR;66K;69RT;77N;80K;95L;97R;99Y;103L;113YN;116F;138K;152E;152RE;156R;156RA;163T;177KT;;;;;;;;;;;;
C*06:03;9Y;11AV;24S;65QKR;66K;69RA;73AN;77N;80K;90D;95L;97W;99Y;103L;113YD;116S;152E;152RE;156WA;163T;;;;;;;;;;;;;
C*08:07;9Y;11AV;35Q;65QKR;66K;69RT;73TVS;76VRN;76VS;77S;77SRN;80N;95L;97R;99Y;103L;113YN;116F;138K;147L;152E;152RE;156R;156RA;163T;177KT;;;;;;;
C*08:14;9Y;11AV;24S;35Q;65QKR;66K;69RT;73TVS;76VRN;76VS;77S;77SRN;80N;95L;97R;99Y;103L;113YN;116F;152T;156L;163T;177KT;;;;;;;;;;
C*08:16;9Y;11AV;65QKR;66K;69RT;73TVS;76VRN;76VS;77S;77SRN;80N;95L;97R;99Y;103L;113YN;116F;152T;156L;163T;177KT;;;;;;;;;;;;
C*08:17;9Y;11AV;35Q;66K;73TVS;76VRN;76VS;77S;77SRN;80N;95L;97R;99Y;103L;113YN;116F;138K;152E;152RE;156R;156RA;163T;177KT;184H;193PV;194V;;;;;;;
C*08:18;9Y;11AV;35Q;65QKR;66K;69RT;73TVS;76VRN;76VS;77S;77SRN;80N;95L;97R;99Y;103L;113YN;116F;138K;152E;152RE;156R;156RA;163T;177KT;;;;;;;;
C*12:06;9Y;11AV;65QKR;66K;69RA;73AS;76VRN;76VS;77S;77SRN;80N;95L;97W;99Y;103L;113YD;116S;152E;152RE;156WA;163T;;;;;;;;;;;;
C*12:07;9Y;11AV;65QKR;66K;76VRN;80N;95L;97W;99Y;103L;113YD;116S;152E;152RE;156WA;163T;;;;;;;;;;;;;;;;;
C*12:11;9Y;11AV;65QKR;66K;69RA;73AS;76VRN;76VS;77S;77SRN;80N;95L;97W;99S;103L;113YD;116S;152E;152RE;156WA;163T;184H;193PV;194V;;;;;;;;;
C*12:15;9Y;11AV;65QKR;66K;69RA;73AS;76VRN;76VS;77S;77SRN;80N;95L;97W;99Y;103L;113H;113HD;116L;152E;152RE;156WA;163T;;;;;;;;;;;
C*12:17;9Y;11AV;65QKR;66K;69RA;73AS;76VRN;76VS;77S;77SRN;80N;95L;97R;99Y;103L;113YD;116S;152E;152RE;156WA;163T;;;;;;;;;;;;
C*12:21;9Y;11AV;35Q;65QKR;66K;69RT;77N;80K;95L;97R;99Y;103L;113YD;116S;152E;152RE;156WA;163T;;;;;;;;;;;;;;;
C*15:12;9Y;11AV;21H;66N;69RT;77N;80K;91R;94I;95I;97R;99Y;103L;113H;113HD;116L;152E;152RE;156L;163T;184H;193PV;194V;;;;;;;;;;
C*15:18;9Y;11AV;21H;66N;69RT;77N;80K;94I;95I;97R;99Y;103L;113H;113HD;116L;152E;152RE;156L;163T;184H;193PV;194V;;;;;;;;;;;
C*15:19;9Y;11AV;21H;66N;69RT;77N;80K;94I;95I;97R;99Y;103L;113H;113HD;116S;152E;152RE;156L;163T;;;;;;;;;;;;;;
C*15:21;9Y;11AV;21H;66N;69RT;73TVS;76VS;77S;80K;94I;95I;97R;99Y;103L;113H;113HD;116L;152E;152RE;156L;163T;;;;;;;;;;;;
C*16:06;9Y;11AV;65QKR;66K;69RT;73TVS;76VRN;76VS;77S;77SRN;80N;95L;97R;99S;103L;113YD;116S;152A;152RA;156QA;163T;;;;;;;;;;;;
C*16:09;9Y;11AV;65QKR;66K;69RT;77N;80K;95L;97W;99Y;103L;113YD;116S;152A;152RA;156QA;163T;184H;193LV;194V;;;;;;;;;;;;;
C*16:10;9Y;11AV;65QKR;66K;69RT;73TVS;76VRN;76VS;77S;77SRN;80N;95L;97W;99Y;103L;113YD;116D;152A;152RA;156QA;163T;;;;;;;;;;;;
C*16:11;9Y;11AV;65QKR;66K;69RT;73TVS;76VRN;76VS;77S;77SRN;80N;95L;97W;99Y;103L;113YD;116S;152A;152RA;156QA;163T;;;;;;;;;;;;
C*16:12;9Y;11AV;62GE;62GK;65QKR;66K;69RT;77N;80K;95L;97W;99Y;103L;113YD;116S;152A;152RA;156QA;163T;;;;;;;;;;;;;;
C*17:01;9Y;11AV;65QKR;66K;69RA;73AN;77N;80K;95I;97R;99Y;103L;113YN;116F;143S;147L;152E;152RE;156L;163E;163EW;184R;193PV;194V;253Q;267QE;270C;275K;;;;;
C*17:02;9Y;11AV;65QKR;66K;69RA;73AN;77N;80K;95I;97R;99Y;103L;113YN;116F;143S;147L;152E;152RE;156L;163E;163EW;184R;193PV;194V;253Q;267QE;270C;;;;;;
C*17:03;9Y;11AV;65QKR;66K;69RA;73AN;77N;80K;95I;97R;99Y;103L;113YN;116F;143S;147L;152E;152RE;156L;163E;163EW;184R;193PV;194V;253Q;267QE;270C;275K;;;;;
C*17:04;9Y;11AV;65QKR;66K;69RA;73AN;77N;80K;95I;97R;99Y;103L;113YN;116F;143S;147L;152E;152RE;156L;163E;163EW;184R;193PV;194V;253Q;267QE;270C;275K;;;;;
C*17:05;9Y;11AV;35Q;65QKR;66K;69RA;73AN;77N;80K;95I;97R;99Y;103L;113YN;116F;143S;147L;152E;152RE;156L;163E;163EW;184R;193PV;194V;253Q;267QE;270C;275K;;;;
